LOC,DAY,IS_OPEN,MSG,SOUPS,DELI AND SALAD BAR,ENTREES,BEAR FIT,GRILLED,PIZZAS,PASTAS,DESSERTS,FUSION,CENTER OF THE PLATE,SPECIALTY SALADS,KOSHER ENTREES,KOSHER DELI
Crossroad,0,True,Cal Dining is adjusting our service as a precaution against the spread of COVID-19. Menus are subject to change and all meals are currently to-go only. Thank you!,"{""Butternut Squash and Apple Soup"": [""Milk"", ""Contains Alcohol""], ""Three Bean Chili"": [""Vegan Option""]}","{""Black Bean & Corn Salad"": [""Vegan Option""], ""Salad Bar"": [""Milk"", ""Egg"", ""Fish"", ""Shellfish"", ""Wheat"", ""Soybeans"", ""Sesame""], ""Deli Bar"": []}","{""Beef Lomo Saltado"": [""Soybeans""], ""Vegetable Lomo Saltado"": [""Wheat"", ""Soybeans"", ""Vegan Option"", ""Contains Gluten""], ""Long Grain Rice"": [""Vegan Option""], ""Green Bean Radish and Corn"": [""Vegan Option""]}","{""Spring Mix"": [""Vegan Option""], ""Red Rice"": [""Vegan Option""], ""Yukon Potatoes"": [""Vegan Option""], ""Black Beans"": [""Vegan Option""], ""Romano Beans"": [""Vegan Option""], ""Cabbage Stir Fry"": [""Vegan Option""], ""Roasted Kohlrabi Medley"": [""Vegan Option""], ""Halal Chicken"": [""Halal""], ""Halal Beef"": [""Halal""], ""Bear Fit Toppings"": [""Vegan Option""], ""Bear Fit Sauces"": [""Vegan Option""], ""White Rice"": [""Vegan Option""], ""Brown Rice"": [""Vegan Option""]}","{""Chicken Nugget"": [""Wheat"", ""Soybeans"", ""Contains Gluten""], ""Vegan Nuggets"": [""Wheat"", ""Soybeans"", ""Vegan Option"", ""Contains Gluten""], ""Coleslaw"": [""Egg"", ""Vegetarian Option""]}","{""Sausage and Broccolini Pizza"": [""Milk"", ""Egg"", ""Wheat"", ""Soybeans"", ""Contains Gluten"", ""Contains Pork""], ""Broccolini and Calab Chili Pizza"": [""Milk"", ""Egg"", ""Wheat"", ""Soybeans"", ""Vegetarian Option"", ""Contains Gluten""]}","{""Butternut Squash Ravioli with Sage Brown Butter"": [""Milk"", ""Egg"", ""Wheat"", ""Vegetarian Option"", ""Contains Gluten""], ""Garlic Bread"": [""Milk"", ""Wheat"", ""Vegetarian Option"", ""Contains Gluten""]}","{""Vegan Lemon Sugar Cookie"": [""Wheat"", ""Soybeans"", ""Vegan Option"", ""Contains Gluten"", ""Contains Alcohol""], ""Apple Pie"": [""Milk"", ""Wheat"", ""Vegetarian Option"", ""Contains Gluten""], ""German Chocolate Cake"": [""Milk"", ""Egg"", ""Tree Nuts"", ""Wheat"", ""Soybeans"", ""Vegetarian Option"", ""Contains Gluten""], ""Red Velvet Cupcakes"": [""Milk"", ""Egg"", ""Tree Nuts"", ""Wheat"", ""Soybeans"", ""Vegetarian Option"", ""Contains Gluten""]}",,,,,
Crossroad,1,True,Cal Dining is adjusting our service as a precaution against the spread of COVID-19. Menus are subject to change and all meals are currently to-go only. Thank you!,"{""Italian Wedding Soup"": [""Milk"", ""Wheat"", ""Soybeans"", ""Contains Gluten""], ""Tomato Garden Soup"": [""Vegan Option""]}","{""Beet and Goat Cheese Salad"": [""Milk"", ""Vegetarian Option""], ""Salad Bar"": [""Milk"", ""Egg"", ""Fish"", ""Shellfish"", ""Wheat"", ""Soybeans"", ""Sesame""], ""Deli Bar"": []}","{""Chicken Tandoori"": [""Milk""], ""Tandoori Roasted Vegetables"": [""Vegan Option""], ""Vegetable Samosa"": [""Wheat"", ""Vegan Option"", ""Contains Gluten""]}","{""Baby Spinach"": [""Vegan Option""], ""Hominy"": [""Vegan Option""], ""Millet"": [""Vegan Option""], ""Kidney Beans"": [""Vegan Option""], ""Pinto Beans"": [""Vegan Option""], ""Squash Medley"": [""Vegan Option""], ""Roasted Tomatoes"": [""Vegan Option""], ""Halal Chicken"": [""Halal""], ""Halal Beef"": [""Halal""], ""Bear Fit Toppings"": [""Vegan Option""], ""Bear Fit Sauces"": [""Vegan Option""], ""White Rice"": [""Vegan Option""], ""Brown Rice"": [""Vegan Option""]}","{""Pork Cubano Sandwich"": [""Milk"", ""Wheat"", ""Contains Gluten"", ""Contains Pork""], ""Boca Burger"": [""Wheat"", ""Soybeans"", ""Sesame"", ""Vegan Option"", ""Contains Gluten""], ""Housemade Chips"": [""Vegan Option""]}","{""Chicken Pesto and Roma Tomato Pizza"": [""Milk"", ""Wheat"", ""Contains Gluten""], ""Roma Tomato and Pesto Pizza"": [""Milk"", ""Wheat"", ""Vegetarian Option"", ""Contains Gluten""]}","{""Pasta Puttanesca"": [""Milk"", ""Wheat"", ""Vegetarian Option"", ""Contains Gluten""], ""Garlic Bread"": [""Milk"", ""Wheat"", ""Vegetarian Option"", ""Contains Gluten""]}","{""Heath Toffee Crunch Blondie"": [""Milk"", ""Egg"", ""Tree Nuts"", ""Wheat"", ""Soybeans"", ""Vegetarian Option"", ""Contains Gluten""], ""Vegan Chocolate Chip Cookies"": [""Wheat"", ""Soybeans"", ""Vegan Option"", ""Contains Gluten"", ""Contains Alcohol""], ""Pumpkin Pie"": [""Milk"", ""Egg"", ""Wheat"", ""Vegetarian Option"", ""Contains Gluten""], ""Mini Salted Truffle Cheesecake"": [""Milk"", ""Egg"", ""Wheat"", ""Soybeans"", ""Vegetarian Option"", ""Contains Gluten""]}",,,,,
Crossroad,2,True,Cal Dining is adjusting our service as a precaution against the spread of COVID-19. Menus are subject to change and all meals are currently to-go only. Thank you!,"{""Chicken Noodle Soup"": [""Egg"", ""Wheat"", ""Contains Gluten""], ""Carrot Ginger Soup"": [""Soybeans"", ""Sesame"", ""Vegan Option""]}","{""Potato Salad"": [""Egg"", ""Vegetarian Option"", ""Contains Alcohol""], ""Salad Bar"": [""Milk"", ""Egg"", ""Fish"", ""Shellfish"", ""Wheat"", ""Soybeans"", ""Sesame""], ""Deli Bar"": []}","{""Chicken Adobo"": [""Soybeans""], ""Mushroom & Tofu Sisig"": [""Soybeans"", ""Vegan Option""], ""Vegan Rice Noodle Pancit"": [""Soybeans"", ""Vegan Option""], ""Sauteed Cabbage"": [""Sesame"", ""Vegan Option""]}","{""Arugula"": [""Vegan Option""], ""."": [], ""Butternut Squash"": [""Vegan Option""], ""Garbanzo Beans"": [""Vegan Option""], ""Navy Beans"": [""Vegan Option""], ""Haricot Vert"": [""Vegan Option""], ""Cabbage Stir Fry"": [""Vegan Option""], ""Halal Chicken"": [""Halal""], ""Halal Beef"": [""Halal""], ""Bear Fit Toppings"": [""Vegan Option""], ""Bear Fit Sauces"": [""Vegan Option""], ""White Rice"": [""Vegan Option""], ""Brown Rice"": [""Vegan Option""]}","{""All Beef Corn Dog"": [""Milk"", ""Egg"", ""Wheat"", ""Soybeans"", ""Contains Gluten""], ""Vegan Sausage Sandwich"": [""Wheat"", ""Sesame"", ""Vegan Option"", ""Contains Gluten""], ""Garlic Fries"": [""Vegan Option""]}","{""Chorizo Tomato Corn and Pasilla Pizza"": [""Milk"", ""Egg"", ""Wheat"", ""Contains Gluten"", ""Contains Pork""], ""Tomato Corn and Pasilla Pizza"": [""Milk"", ""Egg"", ""Wheat"", ""Vegetarian Option"", ""Contains Gluten""]}","{""Asparagus and Lemon Cream Pasta"": [""Milk"", ""Wheat"", ""Vegan Option"", ""Contains Gluten""], ""Garlic Bread"": [""Milk"", ""Wheat"", ""Vegetarian Option"", ""Contains Gluten""]}","{""Raspberry Sammie"": [""Milk"", ""Wheat"", ""Vegetarian Option"", ""Contains Gluten""], ""Carrot Cake"": [""Milk"", ""Egg"", ""Tree Nuts"", ""Wheat"", ""Soybeans"", ""Vegetarian Option"", ""Contains Gluten""], ""Vegan Lemon Sugar Cookie"": [""Wheat"", ""Soybeans"", ""Vegan Option"", ""Contains Gluten"", ""Contains Alcohol""], ""Chocolate Brownie Bites"": [""Milk"", ""Egg"", ""Tree Nuts"", ""Wheat"", ""Soybeans"", ""Vegetarian Option"", ""Contains Gluten""]}",,,,,
Crossroad,3,True,Cal Dining is adjusting our service as a precaution against the spread of COVID-19. Menus are subject to change and all meals are currently to-go only. Thank you!,"{""New England Clam Chowder"": [""Milk"", ""Fish"", ""Shellfish"", ""Wheat"", ""Contains Gluten""], ""Three Bean Chili"": [""Vegan Option""]}","{""Edamame & Corn Salad"": [""Soybeans"", ""Vegan Option""], ""Salad Bar"": [""Milk"", ""Egg"", ""Fish"", ""Shellfish"", ""Wheat"", ""Soybeans"", ""Sesame""], ""Deli Bar"": []}","{""Seoul Fries"": [""Egg"", ""Sesame""]}","{""Spring Mix"": [""Vegan Option""], ""Wild Rice"": [""Vegan Option""], ""Amaranth"": [""Vegan Option""], ""Romano Beans"": [""Vegan Option""], ""Cranberry Beans"": [""Vegan Option""], ""Stir Fry Eggplant"": [""Vegan Option""], ""Brussles Sprouts Medley"": [""Vegan Option""], ""Halal Chicken"": [""Halal""], ""Halal Beef"": [""Halal""], ""Bear Fit Toppings"": [""Vegan Option""], ""Bear Fit Sauces"": [""Vegan Option""], ""White Rice"": [""Vegan Option""], ""Brown Rice"": [""Vegan Option""]}","{""Fried Catfish"": [""Fish""], ""Tofu Bahn Mi"": [""Egg"", ""Wheat"", ""Soybeans"", ""Vegetarian Option"", ""Contains Gluten""], ""Coleslaw"": [""Egg"", ""Vegetarian Option""]}","{""Hawaiian Pizza"": [""Milk"", ""Egg"", ""Wheat"", ""Soybeans"", ""Contains Gluten"", ""Contains Pork""], ""Pineapple and Pepper Pizza"": [""Milk"", ""Egg"", ""Wheat"", ""Soybeans"", ""Vegetarian Option"", ""Contains Gluten""]}","{""Baked Penne"": [""Milk"", ""Wheat"", ""Vegetarian Option"", ""Contains Gluten""], ""Baguette"": [""Wheat"", ""Vegan Option"", ""Contains Gluten""]}","{""Chocolate Chunk Brownie"": [""Milk"", ""Egg"", ""Wheat"", ""Soybeans"", ""Vegetarian Option"", ""Contains Gluten""], ""Luscious Lemon Bar"": [""Milk"", ""Egg"", ""Wheat"", ""Soybeans"", ""Vegetarian Option"", ""Contains Gluten""], ""Peach Pie"": [""Wheat"", ""Soybeans"", ""Vegan Option"", ""Contains Gluten""], ""Vanilla and Chocolate Cupcakes"": [""Milk"", ""Egg"", ""Tree Nuts"", ""Wheat"", ""Soybeans"", ""Vegetarian Option"", ""Contains Gluten""]}",,,,,
Crossroad,4,True,Cal Dining is adjusting our service as a precaution against the spread of COVID-19. Menus are subject to change and all meals are currently to-go only. Thank you!,"{""Hungarian Mushroom Soup"": [""Milk"", ""Contains Alcohol""], ""Chipotle Sweet Potato Soup"": [""Sesame"", ""Vegan Option""]}","{""Cucumber Tomato & Corn Salad"": [""Vegan Option""], ""Salad Bar"": [""Milk"", ""Egg"", ""Fish"", ""Shellfish"", ""Wheat"", ""Soybeans"", ""Sesame""], ""Deli Bar"": []}","{""Chicken Enchilada Casserole"": [""Milk"", ""Soybeans""], ""Vegan Strip Enchilada Casserole"": [""Wheat"", ""Soybeans"", ""Vegan Option"", ""Contains Gluten""], ""Spanish Rice"": [""Vegan Option""], ""Pinto Beans"": [""Vegan Option""], ""Sauteed Zucchini and Onions"": [""Vegan Option""]}","{""Baby Kale"": [""Vegan Option""], ""."": [], ""Sweet Potato"": [""Vegan Option""], ""Beans Medley"": [""Vegan Option""], ""Kidney Beans"": [""Vegan Option""], ""Halal Chicken"": [""Halal""], ""Halal Beef"": [""Halal""], ""Bear Fit Toppings"": [""Vegan Option""], ""Bear Fit Sauces"": [""Vegan Option""], ""White Rice"": [""Vegan Option""], ""Brown Rice"": [""Vegan Option""]}","{""Beef Sliders"": [""Wheat"", ""Soybeans"", ""Contains Gluten""], ""Sunflower Cutlet Sandwich"": [""Wheat"", ""Vegan Option"", ""Contains Gluten""], ""Truffle Fries"": [""Milk""]}","{""Meatball Parmesan Pizza"": [""Milk"", ""Egg"", ""Wheat"", ""Soybeans"", ""Contains Gluten""], ""Analogue Meatball Parmesan Pizza"": [""Milk"", ""Wheat"", ""Soybeans"", ""Vegetarian Option"", ""Contains Gluten"", ""Contains Alcohol""]}","{""Artichoke Kalamata and Lemon Pasta"": [""Milk"", ""Wheat"", ""Vegetarian Option"", ""Contains Gluten""], ""Garlic Bread"": [""Milk"", ""Wheat"", ""Vegetarian Option"", ""Contains Gluten""]}","{""Vegan Oatmeal Raisin Cookies"": [""Wheat"", ""Vegan Option"", ""Contains Gluten"", ""Contains Alcohol""], ""Cherry Pie"": [""Wheat"", ""Soybeans"", ""Vegan Option"", ""Contains Gluten""], ""German Chocolate Cake"": [""Milk"", ""Egg"", ""Tree Nuts"", ""Wheat"", ""Soybeans"", ""Vegetarian Option"", ""Contains Gluten""], ""Mini Black Truffle Cheesecake"": [""Milk"", ""Egg"", ""Tree Nuts"", ""Wheat"", ""Peanuts"", ""Soybeans"", ""Vegetarian Option"", ""Contains Gluten""]}",,,,,
Crossroad,5,True,Cal Dining is adjusting our service as a precaution against the spread of COVID-19. Menus are subject to change and all meals are currently to-go only. Thank you!,"{""Lobster Bisque"": [""Milk"", ""Fish"", ""Shellfish"", ""Wheat"", ""Contains Gluten"", ""Contains Alcohol""], ""Lentil Soup"": [""Vegan Option""]}","{""Herbed Pasta Salad"": [""Milk"", ""Wheat"", ""Vegetarian Option"", ""Contains Gluten""], ""Salad Bar"": [""Milk"", ""Egg"", ""Fish"", ""Shellfish"", ""Wheat"", ""Soybeans"", ""Sesame""], ""Deli Bar"": []}","{""Pork Fried Rice"": [""Soybeans"", ""Sesame"", ""Contains Pork""], ""Vegetarian Fried Rice"": [""Egg"", ""Soybeans"", ""Sesame"", ""Vegetarian Option"", ""Contains Alcohol""], ""Vegetable Potsticker"": [""Wheat"", ""Soybeans"", ""Vegan Option"", ""Contains Gluten""], ""Stir Fry Bok Choy"": [""Sesame"", ""Vegan Option""]}","{""Baby Spinach"": [""Vegan Option""], ""."": [], ""Hominy"": [""Vegan Option""], ""Beans Medley"": [""Vegan Option""], ""Garbanzo Beans"": [""Vegan Option""], ""Halal Chicken"": [""Halal""], ""Halal Beef"": [""Halal""], ""Bear Fit Toppings"": [""Vegan Option""], ""Bear Fit Sauces"": [""Vegan Option""], ""White Rice"": [""Vegan Option""], ""Brown Rice"": [""Vegan Option""]}","{""Fish Wedges"": [""Milk"", ""Egg"", ""Fish"", ""Wheat"", ""Soybeans"", ""Contains Gluten""], ""Quinoa and Black Bean Wrap"": [""Wheat"", ""Vegan Option"", ""Contains Gluten""], ""Steak Fries"": [""Vegan Option""]}","{""Meat Lovers Pizza"": [""Milk"", ""Egg"", ""Wheat"", ""Soybeans"", ""Contains Gluten"", ""Contains Pork""], ""Roasted Pepper Deluxe Pizza"": [""Milk"", ""Egg"", ""Wheat"", ""Soybeans"", ""Vegetarian Option"", ""Contains Gluten""]}","{""Vegetable Lasagna"": [""Milk"", ""Egg"", ""Wheat"", ""Vegetarian Option"", ""Contains Gluten""], ""Baguette"": [""Wheat"", ""Vegan Option"", ""Contains Gluten""]}","{""Raspberry Sammie"": [""Milk"", ""Wheat"", ""Vegetarian Option"", ""Contains Gluten""], ""Chocolate Chunk Brownie"": [""Milk"", ""Egg"", ""Wheat"", ""Soybeans"", ""Vegetarian Option"", ""Contains Gluten""], ""Vegan Chocolate Chip Cookies"": [""Wheat"", ""Soybeans"", ""Vegan Option"", ""Contains Gluten"", ""Contains Alcohol""], ""Red Velvet Cupcakes"": [""Milk"", ""Egg"", ""Tree Nuts"", ""Wheat"", ""Soybeans"", ""Vegetarian Option"", ""Contains Gluten""]}",,,,,
Crossroad,6,True,Cal Dining is adjusting our service as a precaution against the spread of COVID-19. Menus are subject to change and all meals are currently to-go only. Thank you!,"{""Hungarian Mushroom Soup"": [""Milk"", ""Contains Alcohol""], ""Lentil Soup"": [""Vegan Option""]}","{""Spicy Tofu & Spelt Salad"": [""Wheat"", ""Soybeans"", ""Vegan Option"", ""Contains Gluten""], ""Salad Bar"": [""Milk"", ""Egg"", ""Fish"", ""Shellfish"", ""Wheat"", ""Soybeans"", ""Sesame""], ""Deli Bar"": []}","{""Grilled Paprika Chicken"": [], ""Vegan Celebration Roast"": [""Wheat"", ""Soybeans"", ""Vegan Option"", ""Contains Gluten"", ""Contains Alcohol""], ""Creamy Polenta"": [""Soybeans"", ""Vegan Option""], ""Vegetable Medley"": [""Vegan Option""]}","{""Spring Mix"": [""Vegan Option""], ""Millet"": [""Vegan Option""], ""Acorn Squash"": [""Vegan Option""], ""Garbanzo Beans"": [""Vegan Option""], ""Black Beans"": [""Vegan Option""], ""Haricot Vert"": [""Vegan Option""], ""Roasted Peppers"": [""Vegan Option""], ""Halal Chicken"": [""Halal""], ""Halal Beef"": [""Halal""], ""Bear Fit Toppings"": [""Vegan Option""], ""Bear Fit Sauces"": [""Vegan Option""], ""White Rice"": [""Vegan Option""], ""Brown Rice"": [""Vegan Option""]}","{""Muffaletta Sandwich"": [""Milk"", ""Wheat"", ""Contains Gluten""], ""Vegetarian Muffaletta Sandwich"": [""Milk"", ""Wheat"", ""Vegetarian Option"", ""Contains Gluten""], ""Housemade Chips"": [""Vegan Option""]}","{""Ham Peas Basil and Fontina Pizza"": [""Milk"", ""Egg"", ""Wheat"", ""Contains Gluten"", ""Contains Pork""], ""Peas Basil and Fontina Pizza"": [""Milk"", ""Egg"", ""Wheat"", ""Vegetarian Option"", ""Contains Gluten""]}","{""Spinach and Cream Pasta"": [""Milk"", ""Wheat"", ""Vegetarian Option"", ""Contains Gluten""], ""Dinner Roll"": [""Wheat"", ""Soybeans"", ""Vegan Option"", ""Contains Gluten""]}","{""Cherry Pie"": [""Wheat"", ""Soybeans"", ""Vegan Option"", ""Contains Gluten""], ""Carrot Cake"": [""Milk"", ""Egg"", ""Tree Nuts"", ""Wheat"", ""Soybeans"", ""Vegetarian Option"", ""Contains Gluten""], ""Luscious Lemon Bar"": [""Milk"", ""Egg"", ""Wheat"", ""Soybeans"", ""Vegetarian Option"", ""Contains Gluten""], ""Mini Vanilla Cheesecake"": [""Milk"", ""Egg"", ""Wheat"", ""Soybeans"", ""Vegetarian Option"", ""Contains Gluten""]}",,,,,
Foothill,0,True,Cal Dining is adjusting our service as a precaution against the spread of COVID-19. Menus are subject to change and all meals are currently to-go only. Thank you!,"{""Hungarian Mushroom Soup"": [""Milk"", ""Contains Alcohol""], ""Tomato Garden Soup"": [""Vegan Option""]}","{""Black Bean & Corn Salad"": [""Vegan Option""], ""Salad Bar"": [""Milk"", ""Egg"", ""Fish"", ""Shellfish"", ""Wheat"", ""Soybeans"", ""Sesame""], ""Deli Bar"": []}","{""Chicken Tikka Masala"": [""Milk""], ""Tofu Potato Masala"": [""Soybeans"", ""Vegan Option""], ""Fragrant Basmati Rice"": [""Vegan Option""], ""Saag"": [""Soybeans""], ""Naan"": [""Wheat"", ""Vegan Option"", ""Contains Gluten""]}",,"{""Grilled Ham & Cheese Sandwich"": [""Milk"", ""Wheat"", ""Soybeans"", ""Contains Gluten"", ""Contains Pork""], ""Grilled Cheese Sandwich"": [""Milk"", ""Wheat"", ""Soybeans"", ""Vegetarian Option"", ""Contains Gluten""], ""Housemade Chips"": [""Vegan Option""]}","{""Sausage Onion and Bell Pepper Pizza"": [""Milk"", ""Egg"", ""Wheat"", ""Soybeans"", ""Contains Gluten"", ""Contains Pork""], ""Mushroom Onion and Bell Pepper Pizza"": [""Milk"", ""Egg"", ""Wheat"", ""Soybeans"", ""Vegetarian Option"", ""Contains Gluten""]}","{""Mushroom Ragu"": [""Wheat"", ""Vegan Option"", ""Contains Gluten""], ""Garlic Bread"": [""Milk"", ""Wheat"", ""Vegetarian Option"", ""Contains Gluten""]}","{""Vegan Lemon Sugar Cookie"": [""Wheat"", ""Soybeans"", ""Vegan Option"", ""Contains Gluten"", ""Contains Alcohol""], ""Apple Pie"": [""Milk"", ""Wheat"", ""Vegetarian Option"", ""Contains Gluten""], ""German Chocolate Cake"": [""Milk"", ""Egg"", ""Tree Nuts"", ""Wheat"", ""Soybeans"", ""Vegetarian Option"", ""Contains Gluten""], ""Red Velvet Cupcakes"": [""Milk"", ""Egg"", ""Tree Nuts"", ""Wheat"", ""Soybeans"", ""Vegetarian Option"", ""Contains Gluten""]}","{""Pasta Bar"": [""Milk"", ""Egg"", ""Wheat"", ""Soybeans"", ""Contains Gluten""], ""White Rice"": [""Vegan Option""], ""Brown Rice"": [""Vegan Option""]}",,,,
Foothill,1,True,Cal Dining is adjusting our service as a precaution against the spread of COVID-19. Menus are subject to change and all meals are currently to-go only. Thank you!,"{""Italian Wedding Soup"": [""Milk"", ""Wheat"", ""Soybeans"", ""Contains Gluten""], ""Split Pea with Kale Soup"": [""Vegan Option""]}","{""Beet and Goat Cheese Salad"": [""Milk"", ""Vegetarian Option""], ""Salad Bar"": [""Milk"", ""Egg"", ""Fish"", ""Shellfish"", ""Wheat"", ""Soybeans"", ""Sesame""], ""Deli Bar"": []}","{""Baked Potato Bar"": [""Milk"", ""Wheat"", ""Soybeans"", ""Contains Gluten"", ""Contains Pork""]}",,"{""Crispy Chicken Tenders"": [""Wheat"", ""Soybeans"", ""Contains Gluten""], ""Chickenless Tenders"": [""Wheat"", ""Soybeans"", ""Vegan Option"", ""Contains Gluten""], ""French Fries"": [""Vegan Option""]}","{""Pepperoni Pepperoncini Pizza"": [""Milk"", ""Egg"", ""Wheat"", ""Soybeans"", ""Contains Gluten""], ""Margherita Pizza"": [""Milk"", ""Egg"", ""Wheat"", ""Soybeans"", ""Vegetarian Option"", ""Contains Gluten""]}","{""Spinach and Cream Pasta"": [""Milk"", ""Wheat"", ""Vegetarian Option"", ""Contains Gluten""], ""Garlic Bread"": [""Milk"", ""Wheat"", ""Vegetarian Option"", ""Contains Gluten""]}","{""Heath Toffee Crunch Blondie"": [""Milk"", ""Egg"", ""Tree Nuts"", ""Wheat"", ""Soybeans"", ""Vegetarian Option"", ""Contains Gluten""], ""Vegan Chocolate Chip Cookies"": [""Wheat"", ""Soybeans"", ""Vegan Option"", ""Contains Gluten"", ""Contains Alcohol""], ""Pumpkin Pie"": [""Milk"", ""Egg"", ""Wheat"", ""Vegetarian Option"", ""Contains Gluten""], ""Mini Salted Truffle Cheesecake"": [""Milk"", ""Egg"", ""Wheat"", ""Soybeans"", ""Vegetarian Option"", ""Contains Gluten""]}","{""Burrito Bowl"": [""Milk"", ""Wheat"", ""Contains Gluten"", ""Contains Pork""], ""White Rice"": [""Vegan Option""], ""Brown Rice"": [""Vegan Option""]}",,,,
Foothill,2,True,Cal Dining is adjusting our service as a precaution against the spread of COVID-19. Menus are subject to change and all meals are currently to-go only. Thank you!,"{""Butternut Squash and Apple Soup"": [""Milk"", ""Contains Alcohol""], ""Three Bean Chili"": [""Vegan Option""]}","{""Potato Salad"": [""Egg"", ""Vegetarian Option"", ""Contains Alcohol""], ""Salad Bar"": [""Milk"", ""Egg"", ""Fish"", ""Shellfish"", ""Wheat"", ""Soybeans"", ""Sesame""], ""Deli Bar"": []}","{""Marsala Chicken"": [""Milk"", ""Wheat"", ""Contains Gluten""], ""Grilled Leeks and Cannilini Beans Stew"": [""Vegan Option""], ""Wild Rice Pilaf"": [""Vegan Option""], ""Vegetable Medley"": [""Vegan Option""]}",,"{""Reuben Sandwich"": [""Milk"", ""Egg"", ""Wheat"", ""Soybeans"", ""Contains Gluten""], ""Eggplant Reuben Sandwich"": [""Egg"", ""Wheat"", ""Soybeans"", ""Vegetarian Option"", ""Contains Gluten""], ""Potato Salad"": [""Egg"", ""Vegetarian Option"", ""Contains Alcohol""]}","{""Corn Chicken Pesto and Parmesan Cheese Pizza"": [""Milk"", ""Egg"", ""Wheat"", ""Contains Gluten""], ""Corn and Parmesan Cheese Pizza"": [""Milk"", ""Egg"", ""Wheat"", ""Vegetarian Option"", ""Contains Gluten""]}","{""Vegetable Lasagna"": [""Milk"", ""Egg"", ""Wheat"", ""Vegetarian Option"", ""Contains Gluten""], ""Garlic Bread"": [""Milk"", ""Wheat"", ""Vegetarian Option"", ""Contains Gluten""]}","{""Raspberry Sammie"": [""Milk"", ""Wheat"", ""Vegetarian Option"", ""Contains Gluten""], ""Carrot Cake"": [""Milk"", ""Egg"", ""Tree Nuts"", ""Wheat"", ""Soybeans"", ""Vegetarian Option"", ""Contains Gluten""], ""Vegan Lemon Sugar Cookie"": [""Wheat"", ""Soybeans"", ""Vegan Option"", ""Contains Gluten"", ""Contains Alcohol""], ""Chocolate Brownie Bites"": [""Milk"", ""Egg"", ""Tree Nuts"", ""Wheat"", ""Soybeans"", ""Vegetarian Option"", ""Contains Gluten""]}","{""Char Sui Pork"": [""Wheat"", ""Soybeans"", ""Sesame"", ""Contains Gluten"", ""Contains Pork""], ""Vegan Char Siu"": [""Wheat"", ""Soybeans"", ""Sesame"", ""Contains Gluten""], ""Singapore Noodles"": [""Wheat"", ""Sesame"", ""Vegan Option"", ""Contains Gluten"", ""Contains Alcohol""], ""Vegetable Stir Fry"": [""Vegan Option""], ""White Rice"": [""Vegan Option""], ""Brown Rice"": [""Vegan Option""]}",,,,
Foothill,3,True,Cal Dining is adjusting our service as a precaution against the spread of COVID-19. Menus are subject to change and all meals are currently to-go only. Thank you!,"{""New England Clam Chowder"": [""Milk"", ""Fish"", ""Shellfish"", ""Wheat"", ""Contains Gluten""], ""Carrot Ginger Soup"": [""Soybeans"", ""Sesame"", ""Vegan Option""]}","{""Edamame & Corn Salad"": [""Soybeans"", ""Vegan Option""], ""Salad Bar"": [""Milk"", ""Egg"", ""Fish"", ""Shellfish"", ""Wheat"", ""Soybeans"", ""Sesame""], ""Deli Bar"": []}","{""Bibimbap Bar"": [""Egg"", ""Sesame""]}",,"{""Fish Wedges"": [""Milk"", ""Egg"", ""Fish"", ""Wheat"", ""Soybeans"", ""Contains Gluten""], ""Boca Burger"": [""Wheat"", ""Soybeans"", ""Sesame"", ""Vegan Option"", ""Contains Gluten""], ""Steak Fries"": [""Vegan Option""]}","{""Hawaiian Pizza"": [""Milk"", ""Egg"", ""Wheat"", ""Soybeans"", ""Contains Gluten"", ""Contains Pork""], ""Pineapple and Roasted Red Pepper Pizza"": [""Milk"", ""Egg"", ""Wheat"", ""Soybeans"", ""Vegetarian Option"", ""Contains Gluten""]}","{""Orecchiette Pasta with Pear and Asiago Cream"": [""Milk"", ""Wheat"", ""Contains Gluten""], ""Baguette"": [""Wheat"", ""Vegan Option"", ""Contains Gluten""]}","{""Chocolate Chunk Brownie"": [""Milk"", ""Egg"", ""Wheat"", ""Soybeans"", ""Vegetarian Option"", ""Contains Gluten""], ""Luscious Lemon Bar"": [""Milk"", ""Egg"", ""Wheat"", ""Soybeans"", ""Vegetarian Option"", ""Contains Gluten""], ""Peach Pie"": [""Wheat"", ""Soybeans"", ""Vegan Option"", ""Contains Gluten""], ""Vanilla and Chocolate Cupcakes"": [""Milk"", ""Egg"", ""Tree Nuts"", ""Wheat"", ""Soybeans"", ""Vegetarian Option"", ""Contains Gluten""]}","{""Beef Iskender Kebap"": [""Milk"", ""Wheat"", ""Contains Gluten""], ""Legume Iskander Kebap"": [""Milk"", ""Wheat"", ""Vegetarian Option"", ""Contains Gluten""], ""Rice Pilaf"": [""Vegan Option""], ""Turkish Vegetable Medley"": [""Vegan Option""], ""White Rice"": [""Vegan Option""], ""Brown Rice"": [""Vegan Option""]}",,,,
Foothill,4,True,Cal Dining is adjusting our service as a precaution against the spread of COVID-19. Menus are subject to change and all meals are currently to-go only. Thank you!,"{""Chicken Noodle Soup"": [""Egg"", ""Wheat"", ""Contains Gluten""], ""Lentil Soup"": [""Vegan Option""]}","{""Cucumber Tomato & Corn Salad"": [""Vegan Option""], ""Salad Bar"": [""Milk"", ""Egg"", ""Fish"", ""Shellfish"", ""Wheat"", ""Soybeans"", ""Sesame""], ""Deli Bar"": []}","{""Chicken Wing Bar"": [""Milk"", ""Egg"", ""Wheat"", ""Soybeans"", ""Contains Gluten""]}",,"{""Beef Sliders"": [""Wheat"", ""Soybeans"", ""Contains Gluten""], ""Vegetable Lavash Wrap with Hummus"": [""Wheat"", ""Sesame"", ""Vegan Option"", ""Contains Gluten""], ""Coleslaw"": [""Egg"", ""Vegetarian Option""]}","{""Bacon Kale Pizza"": [""Milk"", ""Egg"", ""Wheat"", ""Soybeans"", ""Contains Gluten"", ""Contains Pork""], ""Roasted Pepper Deluxe Pizza"": [""Milk"", ""Egg"", ""Wheat"", ""Soybeans"", ""Vegetarian Option"", ""Contains Gluten""]}","{""Lentil Ragu"": [""Wheat"", ""Soybeans"", ""Vegan Option"", ""Contains Gluten""], ""Garlic Bread"": [""Milk"", ""Wheat"", ""Vegetarian Option"", ""Contains Gluten""]}","{""Vegan Oatmeal Raisin Cookies"": [""Wheat"", ""Vegan Option"", ""Contains Gluten"", ""Contains Alcohol""], ""Cherry Pie"": [""Wheat"", ""Soybeans"", ""Vegan Option"", ""Contains Gluten""], ""German Chocolate Cake"": [""Milk"", ""Egg"", ""Tree Nuts"", ""Wheat"", ""Soybeans"", ""Vegetarian Option"", ""Contains Gluten""], ""Mini Black Truffle Cheesecake"": [""Milk"", ""Egg"", ""Tree Nuts"", ""Wheat"", ""Peanuts"", ""Soybeans"", ""Vegetarian Option"", ""Contains Gluten""]}","{""Cold Sesame Noodle Bar"": [""Wheat"", ""Peanuts"", ""Sesame"", ""Contains Gluten""], ""White Rice"": [""Vegan Option""], ""Brown Rice"": [""Vegan Option""]}",,,,
Foothill,5,True,Cal Dining is adjusting our service as a precaution against the spread of COVID-19. Menus are subject to change and all meals are currently to-go only. Thank you!,"{""Lobster Bisque"": [""Milk"", ""Fish"", ""Shellfish"", ""Wheat"", ""Contains Gluten"", ""Contains Alcohol""], ""Three Bean Chili"": [""Vegan Option""]}","{""Herbed Pasta Salad"": [""Milk"", ""Wheat"", ""Vegetarian Option"", ""Contains Gluten""], ""Salad Bar"": [""Milk"", ""Egg"", ""Fish"", ""Shellfish"", ""Wheat"", ""Soybeans"", ""Sesame""], ""Deli Bar"": []}","{""Shrimp Chow Mein"": [""Shellfish"", ""Wheat"", ""Sesame"", ""Contains Gluten""], ""Vegetable Chow Mein"": [""Wheat"", ""Sesame"", ""Vegan Option"", ""Contains Gluten""], ""Stir Fry Bok Choy"": [""Sesame"", ""Vegan Option""], ""Vegetable Eggroll"": [""Egg"", ""Wheat"", ""Soybeans"", ""Sesame"", ""Vegetarian Option"", ""Contains Gluten""]}",,"{""All Beef Corn Dog"": [""Milk"", ""Egg"", ""Wheat"", ""Soybeans"", ""Contains Gluten""], ""Roasted Eggplant and Pesto Sandwich"": [""Wheat"", ""Sesame"", ""Vegan Option"", ""Contains Gluten""], ""Steak Fries"": [""Vegan Option""]}","{""Sweet Potato Goat Cheese and Sausage Pizza"": [""Milk"", ""Wheat"", ""Contains Gluten"", ""Contains Pork""], ""Sweet Potato Leek and Goat Cheese Pizza"": [""Milk"", ""Wheat"", ""Vegetarian Option"", ""Contains Gluten""]}","{""Brussels Sprouts and Blue Cheese Pasta"": [""Milk"", ""Wheat"", ""Vegetarian Option"", ""Contains Gluten""], ""Baguette"": [""Wheat"", ""Vegan Option"", ""Contains Gluten""]}","{""Raspberry Sammie"": [""Milk"", ""Wheat"", ""Vegetarian Option"", ""Contains Gluten""], ""Chocolate Chunk Brownie"": [""Milk"", ""Egg"", ""Wheat"", ""Soybeans"", ""Vegetarian Option"", ""Contains Gluten""], ""Vegan Chocolate Chip Cookies"": [""Wheat"", ""Soybeans"", ""Vegan Option"", ""Contains Gluten"", ""Contains Alcohol""], ""Red Velvet Cupcakes"": [""Milk"", ""Egg"", ""Tree Nuts"", ""Wheat"", ""Soybeans"", ""Vegetarian Option"", ""Contains Gluten""]}","{""Chicken Tandoori"": [""Milk""], ""Tandoori Roasted Vegetables"": [""Vegan Option""], ""Chana Masala"": [""Vegan Option""], ""Naan"": [""Wheat"", ""Vegan Option"", ""Contains Gluten""], ""White Rice"": [""Vegan Option""], ""Brown Rice"": [""Vegan Option""]}",,,,
Foothill,6,True,Cal Dining is adjusting our service as a precaution against the spread of COVID-19. Menus are subject to change and all meals are currently to-go only. Thank you!,"{""Hungarian Mushroom Soup"": [""Milk"", ""Contains Alcohol""], ""Tomato Garden Soup"": [""Vegan Option""]}","{""Spicy Tofu & Spelt Salad"": [""Wheat"", ""Soybeans"", ""Vegan Option"", ""Contains Gluten""], ""Salad Bar"": [""Milk"", ""Egg"", ""Fish"", ""Shellfish"", ""Wheat"", ""Soybeans"", ""Sesame""], ""Deli Bar"": []}","{""Beef Burgundy"": [""Wheat"", ""Contains Gluten"", ""Contains Alcohol""], ""Baked Portobello with Basalmic Glaze"": [""Vegan Option""], ""Wild Rice Pilaf"": [""Vegan Option""], ""Sauteed Kale and Carrots"": [""Vegan Option""]}",,"{""Shrimp Roll"": [""Egg"", ""Shellfish"", ""Wheat"", ""Contains Gluten""], ""Chickpea PoBoy"": [""Egg"", ""Wheat"", ""Contains Gluten""], ""French Fries"": [""Vegan Option""]}","{""Potato and Pancetta Pizza"": [""Milk"", ""Egg"", ""Wheat"", ""Contains Gluten"", ""Contains Pork""], ""Potato and Kale Pizza"": [""Milk"", ""Egg"", ""Wheat"", ""Vegetarian Option"", ""Contains Gluten""]}","{""Pasta Pesto"": [""Milk"", ""Wheat"", ""Vegetarian Option"", ""Contains Gluten""], ""Dinner Roll"": [""Wheat"", ""Soybeans"", ""Vegan Option"", ""Contains Gluten""]}","{""Cherry Pie"": [""Wheat"", ""Soybeans"", ""Vegan Option"", ""Contains Gluten""], ""Carrot Cake"": [""Milk"", ""Egg"", ""Tree Nuts"", ""Wheat"", ""Soybeans"", ""Vegetarian Option"", ""Contains Gluten""], ""Luscious Lemon Bar"": [""Milk"", ""Egg"", ""Wheat"", ""Soybeans"", ""Vegetarian Option"", ""Contains Gluten""], ""Mini Vanilla Cheesecake"": [""Milk"", ""Egg"", ""Wheat"", ""Soybeans"", ""Vegetarian Option"", ""Contains Gluten""]}","{""Japanese Curry Bar"": [""Wheat"", ""Soybeans"", ""Contains Gluten""], ""White Rice"": [""Vegan Option""], ""Brown Rice"": [""Vegan Option""]}",,,,
Clark Kerr,0,True,Cal Dining is adjusting our service as a precaution against the spread of COVID-19. Menus are subject to change and all meals are currently to-go only. Thank you!,"{""Soups of the Day"": []}","{""Black Bean & Corn Salad"": [""Vegan Option""]}","{""Oven Baked Rockfish Cacciatore"": [""Fish"", ""Contains Alcohol""], ""Garbanzo Cacciatore"": [""Fish"", ""Vegan Option""], ""Creamy Polenta"": [""Soybeans"", ""Vegan Option""], ""Grilled Asparagus"": [""Vegan Option""], ""White Rice"": [""Vegan Option""], ""Brown Rice"": [""Vegan Option""]}",,"{""Crispy Chicken Tenders"": [""Wheat"", ""Soybeans"", ""Contains Gluten""], ""Chickenless Tenders"": [""Wheat"", ""Soybeans"", ""Vegan Option"", ""Contains Gluten""], ""French Fries"": [""Vegan Option""]}","{""Salami Arugula and Shaved Onion Pizza"": [""Milk"", ""Wheat"", ""Soybeans"", ""Contains Gluten"", ""Contains Pork""], ""Arugula and Shaved Onion Pizza"": [""Milk"", ""Egg"", ""Wheat"", ""Soybeans"", ""Vegetarian Option"", ""Contains Gluten""]}","{""Mushroom and Herb Cream Pasta"": [""Milk"", ""Wheat"", ""Vegetarian Option"", ""Contains Gluten""], ""Garlic Bread"": [""Milk"", ""Wheat"", ""Vegetarian Option"", ""Contains Gluten""]}","{""Peach Pie"": [""Wheat"", ""Soybeans"", ""Vegan Option"", ""Contains Gluten""], ""Mini Black Truffle Cheesecake"": [""Milk"", ""Egg"", ""Tree Nuts"", ""Wheat"", ""Peanuts"", ""Soybeans"", ""Vegetarian Option"", ""Contains Gluten""], ""German Chocolate Cake"": [""Milk"", ""Egg"", ""Tree Nuts"", ""Wheat"", ""Soybeans"", ""Vegetarian Option"", ""Contains Gluten""]}",,,,,
Clark Kerr,1,True,Cal Dining is adjusting our service as a precaution against the spread of COVID-19. Menus are subject to change and all meals are currently to-go only. Thank you!,"{""Soups of the Day"": []}","{""Beet and Goat Cheese Salad"": [""Milk"", ""Vegetarian Option""]}","{""Mediterranean Bar"": [""Milk"", ""Wheat"", ""Sesame"", ""Contains Gluten""], ""White Rice"": [""Vegan Option""], ""Brown Rice"": [""Vegan Option""]}",,"{""Meatball Sub"": [""Wheat"", ""Contains Gluten""], ""Falafel Sub Sandwich"": [""Wheat"", ""Contains Gluten""], ""Garlic Fries"": [""Vegan Option""]}","{""Buffalo Chicken Pizza"": [""Milk"", ""Egg"", ""Wheat"", ""Contains Gluten""]}","{""Whole Wheat Spaghetti with Brussells and Carmelized Onions"": [""Wheat"", ""Vegan Option"", ""Contains Gluten""], ""Garlic Bread"": [""Milk"", ""Wheat"", ""Vegetarian Option"", ""Contains Gluten""]}","{""Vegan Chocolate Chip Cookies"": [""Wheat"", ""Soybeans"", ""Vegan Option"", ""Contains Gluten"", ""Contains Alcohol""], ""Heath Toffee Crunch Blondie"": [""Milk"", ""Egg"", ""Tree Nuts"", ""Wheat"", ""Soybeans"", ""Vegetarian Option"", ""Contains Gluten""], ""Vanilla and Chocolate Cupcakes"": [""Milk"", ""Egg"", ""Tree Nuts"", ""Wheat"", ""Soybeans"", ""Vegetarian Option"", ""Contains Gluten""]}",,,,,
Clark Kerr,2,True,Cal Dining is adjusting our service as a precaution against the spread of COVID-19. Menus are subject to change and all meals are currently to-go only. Thank you!,"{""Soups of the Day"": []}","{""Potato Salad"": [""Egg"", ""Vegetarian Option"", ""Contains Alcohol""]}","{""Herb Roasted Chicken"": [], ""Quiona with Brussels Sprouts and Cranberries"": [""Vegan Option""], ""Buttery Mashed Potatoes"": [""Milk"", ""Soybeans"", ""Vegetarian Option""], ""Chicken Gravy"": [""Wheat"", ""Contains Gluten""], ""Grilled Asparagus"": [""Vegan Option""], ""White Rice"": [""Vegan Option""], ""Brown Rice"": [""Vegan Option""]}",,"{""Carnitas Torta"": [""Milk"", ""Wheat"", ""Contains Gluten"", ""Contains Pork""], ""Red Bean Torta"": [""Milk"", ""Wheat"", ""Vegetarian Option"", ""Contains Gluten""], ""Mexican Style Corn Cobb"": [""Milk"", ""Egg"", ""Vegetarian Option""]}","{""Mushoom Bacon and Truffle Oil Pizza"": [""Milk"", ""Egg"", ""Wheat"", ""Soybeans"", ""Contains Gluten"", ""Contains Pork""], ""Mushroom and Truffle Oil Pizza"": [""Milk"", ""Egg"", ""Wheat"", ""Vegetarian Option"", ""Contains Gluten""]}","{""Pasta with Peppers and Paprika Cream"": [""Milk"", ""Wheat"", ""Vegetarian Option"", ""Contains Gluten""], ""Garlic Bread"": [""Milk"", ""Wheat"", ""Vegetarian Option"", ""Contains Gluten""]}","{""Cherry Pie"": [""Wheat"", ""Soybeans"", ""Vegan Option"", ""Contains Gluten""], ""Raspberry Sammie"": [""Milk"", ""Wheat"", ""Vegetarian Option"", ""Contains Gluten""], ""Mini Vanilla Cheesecake"": [""Milk"", ""Egg"", ""Wheat"", ""Soybeans"", ""Vegetarian Option"", ""Contains Gluten""]}",,,,,
Clark Kerr,3,True,Cal Dining is adjusting our service as a precaution against the spread of COVID-19. Menus are subject to change and all meals are currently to-go only. Thank you!,"{""Soups of the Day"": []}","{""Edamame & Corn Salad"": [""Soybeans"", ""Vegan Option""], ""Salad Bar"": [""Milk"", ""Egg"", ""Fish"", ""Shellfish"", ""Wheat"", ""Soybeans"", ""Sesame""], ""Deli Bar"": []}","{""Teriyaki Tilapia"": [""Fish"", ""Wheat"", ""Soybeans"", ""Sesame""], ""Teriyaki Tofu"": [""Soybeans"", ""Sesame"", ""Vegan Option"", ""Contains Alcohol""], ""Ginger Rice"": [], ""Stir Fry Bok Choy"": [""Sesame"", ""Vegan Option""], ""White Rice"": [""Vegan Option""], ""Brown Rice"": [""Vegan Option""]}",,"{""Beef Sliders"": [""Wheat"", ""Soybeans"", ""Contains Gluten""], ""Sunflower Cutlet Sandwich"": [""Wheat"", ""Vegan Option"", ""Contains Gluten""], ""Shoestring Fries"": [""Vegan Option""]}","{""Four Cheese and Andouille Sausage Pizza"": [""Milk"", ""Egg"", ""Wheat"", ""Contains Gluten"", ""Contains Pork""], ""Four Cheese Pizza"": [""Milk"", ""Egg"", ""Wheat"", ""Contains Gluten""]}","{""Macaroni and Cheese"": [""Milk"", ""Wheat"", ""Vegetarian Option"", ""Contains Gluten""], ""Baguette"": [""Wheat"", ""Vegan Option"", ""Contains Gluten""]}","{""Vegan Oatmeal Raisin Cookies"": [""Wheat"", ""Vegan Option"", ""Contains Gluten"", ""Contains Alcohol""], ""Luscious Lemon Bar"": [""Milk"", ""Egg"", ""Wheat"", ""Soybeans"", ""Vegetarian Option"", ""Contains Gluten""], ""Red Velvet Cupcakes"": [""Milk"", ""Egg"", ""Tree Nuts"", ""Wheat"", ""Soybeans"", ""Vegetarian Option"", ""Contains Gluten""]}",,,,,
Clark Kerr,4,True,Cal Dining is adjusting our service as a precaution against the spread of COVID-19. Menus are subject to change and all meals are currently to-go only. Thank you!,"{""Soups of the Day"": []}","{""Cucumber Tomato & Corn Salad"": [""Vegan Option""], ""Salad Bar"": [""Milk"", ""Egg"", ""Fish"", ""Shellfish"", ""Wheat"", ""Soybeans"", ""Sesame""], ""Deli Bar"": []}","{""Nacho Bar"": [""Milk"", ""Soybeans""], ""White Rice"": [""Vegan Option""], ""Brown Rice"": [""Vegan Option""]}",,"{""Chicken Shawarma Wrap"": [""Milk"", ""Wheat"", ""Contains Gluten""], ""Vegetable Lavash Wrap with Hummus"": [""Wheat"", ""Sesame"", ""Vegan Option"", ""Contains Gluten""], ""Shoestring Fries"": [""Vegan Option""]}","{""Thai BBQ Chicken Pizza"": [""Milk"", ""Wheat"", ""Soybeans"", ""Sesame"", ""Contains Gluten""], ""Thai BBQ Shitake Pizza"": [""Milk"", ""Wheat"", ""Soybeans"", ""Sesame"", ""Vegetarian Option"", ""Contains Gluten""]}","{""Garlic and Green Olive Pasta"": [""Egg"", ""Wheat"", ""Soybeans"", ""Sesame"", ""Contains Gluten""], ""Garlic Bread"": [""Milk"", ""Wheat"", ""Vegetarian Option"", ""Contains Gluten""]}","{""Vegan Lemon Sugar Cookie"": [""Wheat"", ""Soybeans"", ""Vegan Option"", ""Contains Gluten"", ""Contains Alcohol""], ""Chocolate Cake"": [""Milk"", ""Egg"", ""Wheat"", ""Soybeans"", ""Vegetarian Option"", ""Contains Gluten""], ""Mini Salted Truffle Cheesecake"": [""Milk"", ""Egg"", ""Wheat"", ""Soybeans"", ""Vegetarian Option"", ""Contains Gluten""]}",,,,,
Clark Kerr,5,True,Cal Dining is adjusting our service as a precaution against the spread of COVID-19. Menus are subject to change and all meals are currently to-go only. Thank you!,"{""Soups of the Day"": []}","{""Herbed Pasta Salad"": [""Milk"", ""Wheat"", ""Vegetarian Option"", ""Contains Gluten""], ""Salad Bar"": [""Milk"", ""Egg"", ""Fish"", ""Shellfish"", ""Wheat"", ""Soybeans"", ""Sesame""], ""Deli Bar"": []}","{""Szechuan Chicken"": [""Wheat"", ""Soybeans"", ""Sesame"", ""Contains Gluten""], ""Tofu Szechuan"": [""Wheat"", ""Soybeans"", ""Sesame"", ""Vegan Option"", ""Contains Gluten"", ""Contains Alcohol""], ""Jasmine Rice"": [""Vegan Option""], ""Cabbage Carrots and Corn"": [""Sesame"", ""Vegan Option""], ""Vegetable Potsticker"": [""Wheat"", ""Soybeans"", ""Vegan Option"", ""Contains Gluten""], ""White Rice"": [""Vegan Option""], ""Brown Rice"": [""Vegan Option""]}",,"{""Tri Tip Sandwich"": [""Wheat"", ""Contains Gluten""], ""Black Bean and Cauliflower Wrap"": [""Wheat"", ""Vegan Option"", ""Contains Gluten""], ""Steak Fries"": [""Vegan Option""]}","{""Bacon Dates and Bleu Cheese Pizza"": [""Milk"", ""Egg"", ""Wheat"", ""Contains Gluten"", ""Contains Pork""], ""Dates Brussels Sprouts and Bleu Cheese Pizza"": [""Milk"", ""Egg"", ""Wheat"", ""Vegetarian Option"", ""Contains Gluten""]}","{""Sun Dried Tomato Pesto Pasta"": [""Wheat"", ""Vegan Option"", ""Contains Gluten""], ""Baguette"": [""Wheat"", ""Vegan Option"", ""Contains Gluten""]}","{""Peach Pie"": [""Wheat"", ""Soybeans"", ""Vegan Option"", ""Contains Gluten""], ""Apple Pie"": [""Milk"", ""Wheat"", ""Vegetarian Option"", ""Contains Gluten""], ""Pumpkin Pie"": [""Milk"", ""Egg"", ""Wheat"", ""Vegetarian Option"", ""Contains Gluten""]}",,,,,
Clark Kerr,6,True,Cal Dining is adjusting our service as a precaution against the spread of COVID-19. Menus are subject to change and all meals are currently to-go only. Thank you!,"{""Italian Wedding Soup"": [""Milk"", ""Wheat"", ""Soybeans"", ""Contains Gluten""], ""Carrot Ginger Soup"": [""Soybeans"", ""Sesame"", ""Vegan Option""]}","{""Spicy Tofu & Spelt Salad"": [""Wheat"", ""Soybeans"", ""Vegan Option"", ""Contains Gluten""], ""Salad Bar"": [""Milk"", ""Egg"", ""Fish"", ""Shellfish"", ""Wheat"", ""Soybeans"", ""Sesame""], ""Deli Bar"": []}","{""BBQ Pork Spareribs"": [""Contains Pork""], ""Vegan BBQ"": [""Wheat"", ""Soybeans"", ""Vegan Option"", ""Contains Gluten""], ""Baked Beans"": [""Vegan Option""], ""Corn Cob"": [""Vegan Option""], ""Vegetable Medley"": [""Vegan Option""], ""White Rice"": [""Vegan Option""], ""Brown Rice"": [""Vegan Option""]}",,"{""Lentil Sloppy Joe"": [""Wheat"", ""Soybeans"", ""Vegan Option"", ""Contains Gluten""], ""Sloppy Joe Sandwich"": [""Wheat"", ""Soybeans"", ""Contains Gluten""], ""Potato Salad"": [""Egg"", ""Vegetarian Option"", ""Contains Alcohol""]}","{""Pepperoni Pizza"": [""Milk"", ""Egg"", ""Wheat"", ""Soybeans"", ""Contains Gluten""], ""Margherita Pizza"": [""Milk"", ""Egg"", ""Wheat"", ""Soybeans"", ""Vegetarian Option"", ""Contains Gluten""]}","{""Fettucine Alfredo"": [""Milk"", ""Wheat"", ""Vegetarian Option"", ""Contains Gluten""], ""Dinner Roll"": [""Wheat"", ""Soybeans"", ""Vegan Option"", ""Contains Gluten""]}","{""Vegan Lemon Sugar Cookie"": [""Wheat"", ""Soybeans"", ""Vegan Option"", ""Contains Gluten"", ""Contains Alcohol""], ""Carrot Cake"": [""Milk"", ""Egg"", ""Tree Nuts"", ""Wheat"", ""Soybeans"", ""Vegetarian Option"", ""Contains Gluten""], ""Chocolate Brownie Bites"": [""Milk"", ""Egg"", ""Tree Nuts"", ""Wheat"", ""Soybeans"", ""Vegetarian Option"", ""Contains Gluten""]}",,,,,
Cafe 3,0,True,Cal Dining is adjusting our service as a precaution against the spread of COVID-19. Menus are subject to change and all meals are currently to-go only. Thank you!,"{""Lentil Soup"": [""Vegan Option""]}",,,,"{""Halal Beef Patty"": [""Halal""], ""Black Bean Burger Patty"": [""Wheat"", ""Soybeans"", ""Vegan Option"", ""Contains Gluten""], ""White Hamburger Bun"": [""Wheat"", ""Soybeans"", ""Vegan Option"", ""Contains Gluten""], ""Whole Wheat Hamburger Bun"": [""Wheat"", ""Vegan Option"", ""Contains Gluten""], ""Burger Accoutrements"": [""Milk"", ""Vegetarian Option""]}","{""Buffalo Chicken Pizza"": [""Milk"", ""Egg"", ""Wheat"", ""Contains Gluten""], ""Cheese Pizza"": [""Milk"", ""Egg"", ""Wheat"", ""Vegetarian Option"", ""Contains Gluten""], ""Flatbread or Gluten Free Pizza Per Request"": []}",,"{""Peach Pie"": [""Wheat"", ""Soybeans"", ""Vegan Option"", ""Contains Gluten""], ""Carrot Cake"": [""Milk"", ""Egg"", ""Tree Nuts"", ""Wheat"", ""Soybeans"", ""Vegetarian Option"", ""Contains Gluten""], ""Raspberry Sammie"": [""Milk"", ""Wheat"", ""Vegetarian Option"", ""Contains Gluten""]}",,"{""Halal Tandoor Chicken"": [""Milk"", ""Halal""], ""Chana Masala"": [""Vegan Option""], ""Fragrant Basmati Rice"": [""Vegan Option""], ""Roasted Cauliflower Curry"": [""Vegan Option""], ""Roasted Roma Tomato"": [""Vegan Option""]}","{""Orzo Salad with Carrots"": [""Egg"", ""Wheat"", ""Vegetarian Option"", ""Contains Gluten""], ""Salad Bar"": [""Milk"", ""Egg"", ""Fish"", ""Shellfish"", ""Wheat"", ""Soybeans"", ""Sesame""]}","{""Kosher Lemon Pepper Fish"": [""Kosher""], ""Kosher Spiced Couscous"": [""Wheat"", ""Vegan Option"", ""Contains Gluten"", ""Kosher""], ""Sauteed Green Beans"": [""Vegan Option""]}","{""Kosher Turkey Slices"": [""Kosher""], ""Kosher Corned Beef Sliced"": [""Kosher""], ""Kosher Tuna Salad"": [""Egg"", ""Fish"", ""Kosher""], ""Kosher Egg Salad"": [""Egg"", ""Vegetarian Option"", ""Kosher""], ""Housemade hummus"": [""Sesame"", ""Vegan Option""], ""Spring Mix"": [""Vegan Option""], ""Romaine Lettuce"": [""Vegan Option""], ""Marinated Tomatoes"": [""Vegan Option""], ""Marinated Cucumbers"": [""Vegan Option""], ""Pickles"": [], ""Green Olives"": [], ""Black Olives"": [], ""Grilled Vegetables"": [""Vegan Option""], ""Dolmas"": [""Vegan Option""], ""Dates"": [""Vegan Option""]}"
Cafe 3,1,True,Cal Dining is adjusting our service as a precaution against the spread of COVID-19. Menus are subject to change and all meals are currently to-go only. Thank you!,"{""Split Pea with Kale Soup"": [""Vegan Option""]}",,,,"{""Halal Beef Patty"": [""Halal""], ""Black Bean Burger Patty"": [""Wheat"", ""Soybeans"", ""Vegan Option"", ""Contains Gluten""], ""White Hamburger Bun"": [""Wheat"", ""Soybeans"", ""Vegan Option"", ""Contains Gluten""], ""Whole Wheat Hamburger Bun"": [""Wheat"", ""Vegan Option"", ""Contains Gluten""], ""Burger Accoutrements"": [""Milk"", ""Vegetarian Option""]}","{""Pepperoni Pizza"": [""Milk"", ""Egg"", ""Wheat"", ""Soybeans"", ""Contains Gluten""], ""Cheese Pizza"": [""Milk"", ""Egg"", ""Wheat"", ""Vegetarian Option"", ""Contains Gluten""], ""Flatbread or Gluten Free Pizza Per Request"": []}",,"{""Pecan Pie"": [""Egg"", ""Tree Nuts"", ""Wheat"", ""Vegetarian Option"", ""Contains Gluten""], ""German Chocolate Cake"": [""Milk"", ""Egg"", ""Tree Nuts"", ""Wheat"", ""Soybeans"", ""Vegetarian Option"", ""Contains Gluten""], ""Heath Toffee Crunch Blondie"": [""Milk"", ""Egg"", ""Tree Nuts"", ""Wheat"", ""Soybeans"", ""Vegetarian Option"", ""Contains Gluten""]}",,"{""Halal Cajun Roast Beef"": [""Halal""], ""Black Eyed Pea Stew"": [""Vegan Option""], ""Dirty Rice"": [""Vegan Option""], ""Collard Greens"": [""Vegan Option""], ""Sauteed Cabbage"": [""Sesame"", ""Vegan Option""]}","{""Tomato Couscous Salad"": [""Wheat"", ""Vegan Option"", ""Contains Gluten""], ""Salad Bar"": [""Milk"", ""Egg"", ""Fish"", ""Shellfish"", ""Wheat"", ""Soybeans"", ""Sesame""]}","{""Kosher Beef with Chimichurri"": [""Kosher""], ""Wild Rice Pilaf"": [""Vegan Option""], ""Peas"": [""Vegan Option""]}","{""Kosher Turkey Slices"": [""Kosher""], ""Kosher Corned Beef Sliced"": [""Kosher""], ""Kosher Tuna Salad"": [""Egg"", ""Fish"", ""Kosher""], ""Kosher Egg Salad"": [""Egg"", ""Vegetarian Option"", ""Kosher""], ""Housemade hummus"": [""Sesame"", ""Vegan Option""], ""Spring Mix"": [""Vegan Option""], ""Romaine Lettuce"": [""Vegan Option""], ""Marinated Tomatoes"": [""Vegan Option""], ""Marinated Cucumbers"": [""Vegan Option""], ""Pickles"": [], ""Green Olives"": [], ""Black Olives"": [], ""Grilled Vegetables"": [""Vegan Option""], ""Dolmas"": [""Vegan Option""], ""Dates"": [""Vegan Option""]}"
Cafe 3,2,True,Cal Dining is adjusting our service as a precaution against the spread of COVID-19. Menus are subject to change and all meals are currently to-go only. Thank you!,"{""Tomato Garden Soup"": [""Vegan Option""]}",,,,"{""Halal Beef Patty"": [""Halal""], ""Black Bean Burger Patty"": [""Wheat"", ""Soybeans"", ""Vegan Option"", ""Contains Gluten""], ""White Hamburger Bun"": [""Wheat"", ""Soybeans"", ""Vegan Option"", ""Contains Gluten""], ""Whole Wheat Hamburger Bun"": [""Wheat"", ""Vegan Option"", ""Contains Gluten""], ""Burger Accoutrements"": [""Milk"", ""Vegetarian Option""]}","{""Meat Lovers Pizza"": [""Milk"", ""Egg"", ""Wheat"", ""Soybeans"", ""Contains Gluten"", ""Contains Pork""], ""Cheese Pizza"": [""Milk"", ""Egg"", ""Wheat"", ""Vegetarian Option"", ""Contains Gluten""], ""Flatbread or Gluten Free Pizza Per Request"": []}",,"{""Cherry Pie"": [""Wheat"", ""Soybeans"", ""Vegan Option"", ""Contains Gluten""], ""Flourless Chocolate Torte"": [""Milk"", ""Egg"", ""Soybeans"", ""Vegetarian Option""], ""Chocolate Chunk Brownie"": [""Milk"", ""Egg"", ""Wheat"", ""Soybeans"", ""Vegetarian Option"", ""Contains Gluten""]}",,"{""Halal Chicken Tagine"": [""Halal""], ""Tunisian Stew"": [""Vegan Option""], ""Kosher Spiced Couscous"": [""Wheat"", ""Vegan Option"", ""Contains Gluten"", ""Kosher""], ""Peas with Mint"": [""Vegan Option""], ""Marmuma sauce"": [""Vegan Option""]}","{""Garbanzo Bean and Cherry Tomato Salad"": [""Vegan Option"", ""Contains Alcohol""], ""Salad Bar"": [""Milk"", ""Egg"", ""Fish"", ""Shellfish"", ""Wheat"", ""Soybeans"", ""Sesame""]}","{""Herb Roasted Chicken"": [""Kosher""], ""Roasted Red Potatoes"": [""Vegan Option""], ""Vegetable Riviera Blend"": [""Vegan Option""]}","{""Kosher Turkey Slices"": [""Kosher""], ""Kosher Corned Beef Sliced"": [""Kosher""], ""Kosher Tuna Salad"": [""Egg"", ""Fish"", ""Kosher""], ""Kosher Egg Salad"": [""Egg"", ""Vegetarian Option"", ""Kosher""], ""Housemade hummus"": [""Sesame"", ""Vegan Option""], ""Spring Mix"": [""Vegan Option""], ""Romaine Lettuce"": [""Vegan Option""], ""Marinated Tomatoes"": [""Vegan Option""], ""Marinated Cucumbers"": [""Vegan Option""], ""Pickles"": [], ""Green Olives"": [], ""Black Olives"": [], ""Grilled Vegetables"": [""Vegan Option""], ""Dolmas"": [""Vegan Option""], ""Dates"": [""Vegan Option""]}"
Cafe 3,3,True,Cal Dining is adjusting our service as a precaution against the spread of COVID-19. Menus are subject to change and all meals are currently to-go only. Thank you!,"{""Tomato Garden Soup"": [""Vegan Option""]}",,,,"{""Halal Beef Patty"": [""Halal""], ""Black Bean Burger Patty"": [""Wheat"", ""Soybeans"", ""Vegan Option"", ""Contains Gluten""], ""White Hamburger Bun"": [""Wheat"", ""Soybeans"", ""Vegan Option"", ""Contains Gluten""], ""Whole Wheat Hamburger Bun"": [""Wheat"", ""Vegan Option"", ""Contains Gluten""], ""Burger Accoutrements"": [""Milk"", ""Vegetarian Option""]}","{""Greek Chicken Pizza"": [""Milk"", ""Egg"", ""Wheat"", ""Soybeans"", ""Contains Gluten""], ""Cheese Pizza"": [""Milk"", ""Egg"", ""Wheat"", ""Vegetarian Option"", ""Contains Gluten""], ""Flatbread or Gluten Free Pizza Per Request"": []}",,"{""Pumpkin Pie"": [""Milk"", ""Egg"", ""Wheat"", ""Vegetarian Option"", ""Contains Gluten""], ""Carrot Cake"": [""Milk"", ""Egg"", ""Tree Nuts"", ""Wheat"", ""Soybeans"", ""Vegetarian Option"", ""Contains Gluten""], ""Heath Toffee Crunch Blondie"": [""Milk"", ""Egg"", ""Tree Nuts"", ""Wheat"", ""Soybeans"", ""Vegetarian Option"", ""Contains Gluten""]}",,"{""Halal Fish Veracruz"": [""Halal""], ""Chickenless Fajitas"": [""Wheat"", ""Soybeans"", ""Vegan Option"", ""Contains Gluten""], ""Pinto Beans"": [""Vegan Option""], ""Spanish Rice"": [""Vegan Option""], ""Carrots and Green Beans"": [""Soybeans""]}","{""Garden Pasta Salad"": [""Milk"", ""Wheat"", ""Soybeans"", ""Vegetarian Option"", ""Contains Gluten""], ""Salad Bar"": [""Milk"", ""Egg"", ""Fish"", ""Shellfish"", ""Wheat"", ""Soybeans"", ""Sesame""]}",,"{""Kosher Tuna Salad"": [""Egg"", ""Fish"", ""Kosher""], ""Kosher Egg Salad"": [""Egg"", ""Vegetarian Option"", ""Kosher""], ""Housemade hummus"": [""Sesame"", ""Vegan Option""], ""Spring Mix"": [""Vegan Option""], ""Romaine Lettuce"": [""Vegan Option""], ""Marinated Tomatoes"": [""Vegan Option""], ""Marinated Cucumbers"": [""Vegan Option""], ""Pickles"": [], ""Green Olives"": [], ""Black Olives"": [], ""Grilled Vegetables"": [""Vegan Option""], ""Dolmas"": [""Vegan Option""], ""Dates"": [""Vegan Option""]}"
Cafe 3,4,True,Cal Dining is adjusting our service as a precaution against the spread of COVID-19. Menus are subject to change and all meals are currently to-go only. Thank you!,"{""Carrot Ginger Soup"": [""Soybeans"", ""Sesame"", ""Vegan Option""]}",,,,"{""Halal Beef Patty"": [""Halal""], ""Black Bean Burger Patty"": [""Wheat"", ""Soybeans"", ""Vegan Option"", ""Contains Gluten""], ""White Hamburger Bun"": [""Wheat"", ""Soybeans"", ""Vegan Option"", ""Contains Gluten""], ""Whole Wheat Hamburger Bun"": [""Wheat"", ""Vegan Option"", ""Contains Gluten""], ""Burger Accoutrements"": [""Milk"", ""Vegetarian Option""]}","{""Pepperoni Pizza"": [""Milk"", ""Egg"", ""Wheat"", ""Soybeans"", ""Contains Gluten""], ""Cheese Pizza"": [""Milk"", ""Egg"", ""Wheat"", ""Vegetarian Option"", ""Contains Gluten""], ""Flatbread or Gluten Free Pizza Per Request"": []}",,"{""Chocolate Cake"": [""Milk"", ""Egg"", ""Wheat"", ""Soybeans"", ""Vegetarian Option"", ""Contains Gluten""], ""Vegan Chocolate Chip Cookies"": [""Wheat"", ""Soybeans"", ""Vegan Option"", ""Contains Gluten"", ""Contains Alcohol""]}",,"{""Halal Beef Pot Roast"": [""Halal""], ""Vegan Vegetable Stew"": [""Vegan Option""], ""Egg Noodles"": [""Egg"", ""Wheat"", ""Vegetarian Option"", ""Contains Gluten""], ""Roasted Broccoli"": [""Vegan Option""], ""Peas and Carrots"": [""Vegan Option""]}","{""Greek Salad"": [""Milk"", ""Vegetarian Option""], ""Salad Bar"": [""Milk"", ""Egg"", ""Fish"", ""Shellfish"", ""Wheat"", ""Soybeans"", ""Sesame""]}",,"{""Kosher Tuna Salad"": [""Egg"", ""Fish"", ""Kosher""], ""Kosher Egg Salad"": [""Egg"", ""Vegetarian Option"", ""Kosher""], ""Housemade hummus"": [""Sesame"", ""Vegan Option""], ""Spring Mix"": [""Vegan Option""], ""Romaine Lettuce"": [""Vegan Option""], ""Marinated Tomatoes"": [""Vegan Option""], ""Marinated Cucumbers"": [""Vegan Option""], ""Pickles"": [], ""Green Olives"": [], ""Black Olives"": [], ""Grilled Vegetables"": [""Vegan Option""], ""Dolmas"": [""Vegan Option""], ""Dates"": [""Vegan Option""]}"
Cafe 3,5,True,Cal Dining is adjusting our service as a precaution against the spread of COVID-19. Menus are subject to change and all meals are currently to-go only. Thank you!,"{""Hungarian Mushroom Soup"": [""Milk"", ""Contains Alcohol""]}",,,,"{""Halal Beef Patty"": [""Halal""], ""Black Bean Burger Patty"": [""Wheat"", ""Soybeans"", ""Vegan Option"", ""Contains Gluten""], ""White Hamburger Bun"": [""Wheat"", ""Soybeans"", ""Vegan Option"", ""Contains Gluten""], ""Whole Wheat Hamburger Bun"": [""Wheat"", ""Vegan Option"", ""Contains Gluten""], ""Burger Accoutrements"": [""Milk"", ""Vegetarian Option""]}","{""Artichoke and Olive Pizza"": [""Milk"", ""Egg"", ""Wheat"", ""Vegetarian Option"", ""Contains Gluten""], ""Cheese Pizza"": [""Milk"", ""Egg"", ""Wheat"", ""Vegetarian Option"", ""Contains Gluten""], ""Flatbread or Gluten Free Pizza Per Request"": []}",,"{""German Chocolate Cake"": [""Milk"", ""Egg"", ""Tree Nuts"", ""Wheat"", ""Soybeans"", ""Vegetarian Option"", ""Contains Gluten""], ""Vegan Lemon Sugar Cookie"": [""Wheat"", ""Soybeans"", ""Vegan Option"", ""Contains Gluten"", ""Contains Alcohol""]}",,"{""Halal Orange Chicken"": [""Halal""], ""Orange Tofu"": [""Soybeans"", ""Vegan Option""], ""Jasmine Rice"": [""Vegan Option""], ""Stir Fry Bok Choy"": [""Sesame"", ""Vegan Option""], ""Stir Fry Asian Vegetables"": [""Soybeans"", ""Vegan Option""]}","{""Mushroom and Tomato Salad"": [""Vegan Option""], ""Salad Bar"": [""Milk"", ""Egg"", ""Fish"", ""Shellfish"", ""Wheat"", ""Soybeans"", ""Sesame""]}","{""Kosher Fish Veracruz"": [""Kosher""], ""Quinoa Pilaf"": [""Vegan Option""], ""Roasted Root Vegetables"": [""Vegan Option""]}","{""Kosher Turkey Slices"": [""Kosher""], ""Kosher Corned Beef Sliced"": [""Kosher""], ""Kosher Tuna Salad"": [""Egg"", ""Fish"", ""Kosher""], ""Kosher Egg Salad"": [""Egg"", ""Vegetarian Option"", ""Kosher""], ""Housemade hummus"": [""Sesame"", ""Vegan Option""], ""Spring Mix"": [""Vegan Option""], ""Romaine Lettuce"": [""Vegan Option""], ""Marinated Tomatoes"": [""Vegan Option""], ""Marinated Cucumbers"": [""Vegan Option""], ""Pickles"": [], ""Green Olives"": [], ""Black Olives"": [], ""Grilled Vegetables"": [""Vegan Option""], ""Dolmas"": [""Vegan Option""], ""Dates"": [""Vegan Option""]}"
Cafe 3,6,True,Cal Dining is adjusting our service as a precaution against the spread of COVID-19. Menus are subject to change and all meals are currently to-go only. Thank you!,"{""Three Bean Chili"": [""Vegan Option""], ""Chipotle Sweet Potato Soup"": [""Sesame"", ""Vegan Option""]}",,,,"{""Halal Beef Patty"": [""Halal""], ""Halal Chicken Breast"": [""Halal""], ""Black Bean Burger Patty"": [""Wheat"", ""Soybeans"", ""Vegan Option"", ""Contains Gluten""], ""Boca Burger Patty"": [""Wheat"", ""Soybeans"", ""Sesame"", ""Vegan Option"", ""Contains Gluten""], ""White Hamburger Bun"": [""Wheat"", ""Soybeans"", ""Vegan Option"", ""Contains Gluten""], ""Whole Wheat Hamburger Bun"": [""Wheat"", ""Vegan Option"", ""Contains Gluten""], ""Burger Accoutrements"": [""Milk"", ""Vegetarian Option""]}","{""Margherita Pizza"": [""Milk"", ""Egg"", ""Wheat"", ""Soybeans"", ""Vegetarian Option"", ""Contains Gluten""], ""Cheese Pizza"": [""Milk"", ""Egg"", ""Wheat"", ""Vegetarian Option"", ""Contains Gluten""], ""Penne Pasta with Pesto Cream"": [""Milk"", ""Wheat"", ""Vegetarian Option"", ""Contains Gluten""], ""Garlic Bread"": [""Milk"", ""Wheat"", ""Vegetarian Option"", ""Contains Gluten""], ""Flatbread or Gluten Free Pizza Per Request"": []}",,"{""Apple Pie"": [""Milk"", ""Wheat"", ""Vegetarian Option"", ""Contains Gluten""], ""Chocolate Cake"": [""Milk"", ""Egg"", ""Wheat"", ""Soybeans"", ""Vegetarian Option"", ""Contains Gluten""], ""Luscious Lemon Bar"": [""Milk"", ""Egg"", ""Wheat"", ""Soybeans"", ""Vegetarian Option"", ""Contains Gluten""]}",,"{""Halal Herb Roasted Chicken"": [""Halal""], ""Chickenless Tenders"": [""Wheat"", ""Soybeans"", ""Vegan Option"", ""Contains Gluten""], ""Roasted Red Potatoes"": [""Vegan Option""], ""Peas and Carrots"": [""Vegan Option""], ""Broccoli"": [""Vegan Option""]}","{""Cucumber Tomato & Corn Salad"": [""Vegan Option""], ""Salad Bar"": [""Milk"", ""Egg"", ""Fish"", ""Shellfish"", ""Wheat"", ""Soybeans"", ""Sesame""]}","{""Kosher Jamaican Jerk Chicken"": [""Kosher""], ""Fried Plantains"": [""Vegan Option""], ""Vegetable Riviera Blend"": [""Vegan Option""]}","{""Kosher Turkey Slices"": [""Kosher""], ""Kosher Corned Beef Sliced"": [""Kosher""], ""Kosher Tuna Salad"": [""Egg"", ""Fish"", ""Kosher""], ""Kosher Egg Salad"": [""Egg"", ""Vegetarian Option"", ""Kosher""], ""Housemade hummus"": [""Sesame"", ""Vegan Option""], ""Spring Mix"": [""Vegan Option""], ""Romaine Lettuce"": [""Vegan Option""], ""Marinated Tomatoes"": [""Vegan Option""], ""Marinated Cucumbers"": [""Vegan Option""], ""Pickles"": [], ""Green Olives"": [], ""Black Olives"": [], ""Grilled Vegetables"": [""Vegan Option""], ""Dolmas"": [""Vegan Option""], ""Dates"": [""Vegan Option""]}"
